SA(0.3),Vancouver,San Salvador,Athens,Istanbul,Lisbon,Beirut,Wellington
0.0012,0.3566568,0.9998763,0.9945741,0.9320585,0.6310164,0.8062105,0.6196702
0.011,0.2325410060509561,0.8950322,0.6281378,0.4926407,0.2065586,0.1753377,0.5074626
0.014,0.1988215276782985,0.8397072,0.544744,0.4275885,0.168679,0.1350309,0.4706536
0.019,0.1596550045335299,0.748252,0.4416365,0.3494594,0.1270943,0.09433711,0.4165477
0.025,0.1282416582770787,0.6498937,0.3563864,0.2854617,0.09605354,0.06648892,0.3626776
0.033,0.100283897668865,0.5425679,0.2804304,0.2281792,0.07060409,0.04541492,0.3058389
0.043,0.0774361220961892,0.4410995,0.2188129,0.1812292,0.05147767,0.03076988,0.2523006
0.057,0.0569343849492382,0.3417256,0.1647354,0.139559,0.03592098,0.01977181,0.1990055
0.075,0.0409961702629856,0.2585319,0.1226339,0.106795,0.02473813,0.01250917,0.1531686
0.098,0.0289755420608506,0.1921897,0.09037751,0.08147585,0.01683712,0.007807314,0.1155868
0.13,0.0195199285961198,0.1374156,0.0642302,0.06071723,0.01095778,0.004623234,0.08383204
0.17,0.0130297879476064,0.0981428,0.04557931,0.04560113,0.007124484,0.002748191,0.0607156
0.22,0.0085771954964898,0.06996358,0.03219414,0.03435534,0.004607797,0.001638532,0.0440081
0.29,0.0052694268013364,0.04790746,0.02173382,0.02503216,0.002815604,0.0009296536,0.03089338
0.37,0.0033066706525576,0.03377217,0.01509172,0.01861012,0.001780272,0.0005609393,0.02247347
0.49,0.0018075849588927,0.02202802,0.00969255,0.01284289,0.001017332,0.0003119111,0.01544829
0.64,0.0009529182865914,0.01418129,0.00621289,0.008686185,0.0005770922,0.0001763701,0.01069337
0.83,0.0004791751880546,0.008834074,0.003930628,0.0056777,0.0003202558,9.834766e-05,0.007351048
1.09,0.0002174882616429,0.005058607,0.002358735,0.003442347,0.0001648664,5.078316e-05,0.004836115
1.42,9.413113230342077e-05,0.002740449,0.001386523,0.001996577,8.225441e-05,2.509356e-05,0.003112315
1.85,3.786103942376808e-05,0.001372469,0.0007816553,0.001088381,3.880262e-05,1.138449e-05,0.001918233
2.42,1.3822976640745236e-05,0.0006263785,0.0004155636,0.0005503297,1.698732e-05,4.768372e-06,0.00111252
3.16,4.608041946631542e-06,0.0002658707,0.0002096891,0.0002613664,6.973743e-06,1.788139e-06,0.0006086435
4.12,1.3544016305932912e-06,0.0001061099,9.989738e-05,0.0001164675,2.682209e-06,7.152557e-07,0.000311858
5.38,3.44674723516966e-07,3.994144e-05,4.428625e-05,4.816055e-05,8.940697e-07,2.980232e-07,0.0001475321
7.02,7.545899171432829e-08,1.446651e-05,1.829863e-05,1.853704e-05,3.576279e-07,5.960464e-08,6.452214e-05
9.36,3.4695400000000016e-08,4.626456e-06,6.496906e-06,6.079674e-06,5.960464e-08,0.0,2.401849e-05
